COUNTYFP,deaths_avg_per_100k,state,state_po,CTYNAME,party_winner_2020,totalvotes_2020,fractionalvotes_2020,party_winner_2016,totalvotes_2016,fractionalvotes_2016,changecolor,_merge,pct_increase,segmentname
31075,2.2843342776203954,NEBRASKA,NE,GRANT,REPUBLICAN,402.0,0.9328358208955224,REPUBLICAN,405.0,0.9061728395061729,#970D03,both,2.6662981389349527,Stayed Republican
48155,2.0567695961995254,TEXAS,TX,FOARD,REPUBLICAN,551.0,0.8076225045372051,REPUBLICAN,513.0,0.746588693957115,#970D03,both,6.103381058009005,Stayed Republican
30109,1.7793045563549166,MONTANA,MT,WIBAUX,REPUBLICAN,598.0,0.862876254180602,REPUBLICAN,541.0,0.8558225508317929,#970D03,both,0.705370334880906,Stayed Republican
51640,1.7397528517110266,VIRGINIA,VA,GALAX CITY,REPUBLICAN,2639.0,0.6964759378552482,REPUBLICAN,2376.0,0.6746632996632996,#970D03,both,2.1812638191948563,Stayed Republican
20063,1.7311026615969567,KANSAS,KS,GOVE,REPUBLICAN,1471.0,0.8776342624065262,REPUBLICAN,1343.0,0.8488458674609084,#970D03,both,2.87883949456178,Stayed Republican
13141,1.6843106796116603,GEORGIA,GA,HANCOCK,DEMOCRAT,4165.0,0.7166866746698679,DEMOCRAT,3580.0,0.7544692737430168,#030D97,both,-3.778259907314885,Stayed Democrat
48311,1.614028776978418,TEXAS,TX,MCMULLEN,REPUBLICAN,516.0,0.8914728682170543,REPUBLICAN,499.0,0.9098196392785571,#970D03,both,-1.8346771061502842,Stayed Republican
21201,1.576186046511626,KENTUCKY,KY,ROBERTSON,REPUBLICAN,1146.0,0.7713787085514834,REPUBLICAN,1013.0,0.7492596248766041,#970D03,both,2.2119083674879247,Stayed Republican
46053,1.5547071583514094,SOUTH DAKOTA,SD,GREGORY,REPUBLICAN,2258.0,0.7843224092116917,REPUBLICAN,2091.0,0.7651841224294595,#970D03,both,1.9138286782232172,Stayed Republican
46073,1.549415204678364,SOUTH DAKOTA,SD,JERAULD,REPUBLICAN,1006.0,0.7166998011928429,REPUBLICAN,967.0,0.6701137538779731,#970D03,both,4.658604731486982,Stayed Republican
51595,1.5131599229287067,VIRGINIA,VA,EMPORIA CITY,DEMOCRAT,2384.0,0.6761744966442953,DEMOCRAT,2367.0,0.6463878326996197,#030D97,both,2.978666394467555,Stayed Democrat
38021,1.4755991285403027,NORTH DAKOTA,ND,DICKEY,REPUBLICAN,2424.0,0.7186468646864687,REPUBLICAN,2407.0,0.692563356875779,#970D03,both,2.608350781068969,Stayed Republican
46017,1.4442105263157876,SOUTH DAKOTA,SD,BUFFALO,DEMOCRAT,549.0,0.6411657559198543,DEMOCRAT,490.0,0.6040816326530613,#030D97,both,3.7084123266793,Stayed Democrat
55051,1.4418821292775659,WISCONSIN,WI,IRON,REPUBLICAN,4010.0,0.6079800498753117,REPUBLICAN,3497.0,0.597655132971118,#970D03,both,1.0324916904193682,Stayed Republican
20033,1.3764680851063813,KANSAS,KS,COMANCHE,REPUBLICAN,916.0,0.8318777292576419,REPUBLICAN,867.0,0.8246828143021915,#970D03,both,0.7194914955450438,Stayed Republican
46125,1.342748091603058,SOUTH DAKOTA,SD,TURNER,REPUBLICAN,4548.0,0.7233948988566403,REPUBLICAN,4150.0,0.707710843373494,#970D03,both,1.568405548314633,Stayed Republican
51690,1.3254048582995919,VIRGINIA,VA,MARTINSVILLE CITY,DEMOCRAT,6024.0,0.6251660026560425,DEMOCRAT,5907.0,0.5981039444726596,#030D97,both,2.706205818338292,Stayed Democrat
30019,1.3252709359605908,MONTANA,MT,DANIELS,REPUBLICAN,1014.0,0.7879684418145957,REPUBLICAN,962.0,0.7588357588357588,#970D03,both,2.9132682978836866,Stayed Republican
48279,1.3240571428571453,TEXAS,TX,LAMB,REPUBLICAN,4410.0,0.7984126984126985,REPUBLICAN,3995.0,0.7787234042553192,#970D03,both,1.96892941573793,Stayed Republican
22037,1.323662239089187,LOUISIANA,LA,EAST FELICIANA,REPUBLICAN,10509.0,0.5770292130554763,REPUBLICAN,10042.0,0.5545708026289584,#970D03,both,2.245841042651786,Stayed Republican
13125,1.3190309278350492,GEORGIA,GA,GLASCOCK,REPUBLICAN,1566.0,0.8959131545338442,REPUBLICAN,1390.0,0.8884892086330936,#970D03,both,0.7423945900750684,Stayed Republican
46055,1.3096705882352933,SOUTH DAKOTA,SD,HAAKON,REPUBLICAN,1137.0,0.9023746701846965,REPUBLICAN,1044.0,0.896551724137931,#970D03,both,0.5822946046765476,Stayed Republican
48345,1.3093713163064824,TEXAS,TX,MOTLEY,REPUBLICAN,652.0,0.9263803680981595,REPUBLICAN,615.0,0.9203252032520325,#970D03,both,0.6055164846127004,Stayed Republican
38047,1.2776832151300257,NORTH DAKOTA,ND,LOGAN,REPUBLICAN,1076.0,0.8643122676579925,REPUBLICAN,1067.0,0.8322399250234301,#970D03,both,3.207234263456238,Stayed Republican
30003,1.2717187500000027,MONTANA,MT,BIG HORN,DEMOCRAT,4784.0,0.5206939799331104,DEMOCRAT,4237.0,0.49421760679726223,#030D97,both,2.6476373135848164,Stayed Democrat
35031,1.2574108818011278,NEW MEXICO,NM,MCKINLEY,DEMOCRAT,26486.0,0.6806992373329306,DEMOCRAT,21703.0,0.625535640234069,#030D97,both,5.516359709886154,Stayed Democrat
28099,1.250551330798484,MISSISSIPPI,MS,NESHOBA,REPUBLICAN,11703.0,0.7109288216696573,REPUBLICAN,10553.0,0.7276603809343315,#970D03,both,-1.6731559264674178,Stayed Republican
46057,1.2384761904761923,SOUTH DAKOTA,SD,HAMLIN,REPUBLICAN,3083.0,0.7693804735647097,REPUBLICAN,2762.0,0.7425778421433744,#970D03,both,2.680263142133532,Stayed Republican
22013,1.2317105263157953,LOUISIANA,LA,BIENVILLE,REPUBLICAN,7050.0,0.5519148936170213,REPUBLICAN,7005.0,0.5361884368308352,#970D03,both,1.5726456786186116,Stayed Republican
38069,1.2269230769230792,NORTH DAKOTA,ND,PIERCE,REPUBLICAN,2128.0,0.7448308270676691,REPUBLICAN,2071.0,0.6938676967648479,#970D03,both,5.0963130302821185,Stayed Republican
20135,1.2269198312236291,KANSAS,KS,NESS,REPUBLICAN,1513.0,0.8849966953073364,REPUBLICAN,1454.0,0.844566712517194,#970D03,both,4.042998279014243,Stayed Republican
46051,1.226049382716047,SOUTH DAKOTA,SD,GRANT,REPUBLICAN,3745.0,0.6990654205607477,REPUBLICAN,3564.0,0.6683501683501684,#970D03,both,3.071525221057936,Stayed Republican
48261,1.225443925233645,TEXAS,TX,KENEDY,REPUBLICAN,194.0,0.654639175257732,DEMOCRAT,186.0,0.532258064516129,#AB5A68,both,12.238111074160296,To Republican
38075,1.2254175152749485,NORTH DAKOTA,ND,RENVILLE,REPUBLICAN,1319.0,0.8074298711144806,REPUBLICAN,1293.0,0.7679814385150812,#970D03,both,3.9448432599399452,Stayed Republican
30087,1.219433551198259,MONTANA,MT,ROSEBUD,REPUBLICAN,3773.0,0.6588921282798834,REPUBLICAN,3453.0,0.6524761077324066,#970D03,both,0.6416020547476808,Stayed Republican
13043,1.217767175572523,GEORGIA,GA,CANDLER,REPUBLICAN,4431.0,0.707063868201309,REPUBLICAN,3763.0,0.7079457879351582,#970D03,both,-0.08819197338492124,Stayed Republican
4001,1.213101503759402,ARIZONA,AZ,APACHE,DEMOCRAT,35172.0,0.6622597520755146,DEMOCRAT,27661.0,0.6175843245001988,#030D97,both,4.467542757531573,Stayed Democrat
22041,1.2015238095238114,LOUISIANA,LA,FRANKLIN,REPUBLICAN,9720.0,0.7170781893004116,REPUBLICAN,9162.0,0.7109801353416285,#970D03,both,0.6098053958783045,Stayed Republican
13289,1.1981544256120507,GEORGIA,GA,TWIGGS,REPUBLICAN,4444.0,0.5333033303330333,REPUBLICAN,4059.0,0.5013550135501355,#970D03,both,3.194831678289789,Stayed Republican
48323,1.1924431818181864,TEXAS,TX,MAVERICK,DEMOCRAT,15346.0,0.5429427863938485,DEMOCRAT,13588.0,0.7651604356785399,#030D97,both,-22.221764928469135,Stayed Democrat
38095,1.185424528301885,NORTH DAKOTA,ND,TOWNER,REPUBLICAN,1174.0,0.706984667802385,REPUBLICAN,1157.0,0.6335350043215212,#970D03,both,7.344966348086379,Stayed Republican
19093,1.182666666666668,IOWA,IA,IDA,REPUBLICAN,3849.0,0.7495453364510263,REPUBLICAN,3612.0,0.7350498338870431,#970D03,both,1.4495502563983131,Stayed Republican
30075,1.1658088235294122,MONTANA,MT,POWDER RIVER,REPUBLICAN,1136.0,0.8538732394366197,REPUBLICAN,1053.0,0.8395061728395061,#970D03,both,1.436706659711362,Stayed Republican
46105,1.1636190476190484,SOUTH DAKOTA,SD,PERKINS,REPUBLICAN,1669.0,0.8394248052726183,REPUBLICAN,1606.0,0.8300124533001245,#970D03,both,0.9412351972493793,Stayed Republican
30011,1.1575362318840587,MONTANA,MT,CARTER,REPUBLICAN,864.0,0.8969907407407407,REPUBLICAN,786.0,0.8625954198473282,#970D03,both,3.439532089341246,Stayed Republican
46049,1.1574144486692022,SOUTH DAKOTA,SD,FAULK,REPUBLICAN,1182.0,0.8155668358714044,REPUBLICAN,1118.0,0.7674418604651163,#970D03,both,4.812497540628813,Stayed Republican
48101,1.1562020202020213,TEXAS,TX,COTTLE,REPUBLICAN,662.0,0.8157099697885196,REPUBLICAN,612.0,0.826797385620915,#970D03,both,-1.1087415832395364,Stayed Republican
48191,1.1522457627118643,TEXAS,TX,HALL,REPUBLICAN,1169.0,0.8511548331907614,REPUBLICAN,1091.0,0.8185151237396884,#970D03,both,3.2639709451072974,Stayed Republican
13243,1.1499061913696094,GEORGIA,GA,RANDOLPH,DEMOCRAT,3074.0,0.5435914118412492,DEMOCRAT,2899.0,0.55122456019317,#030D97,both,-0.763314835192086,Stayed Democrat
13273,1.1356472795497181,GEORGIA,GA,TERRELL,DEMOCRAT,4416.0,0.5380434782608695,DEMOCRAT,4189.0,0.5411792790642158,#030D97,both,-0.31358008033463003,Stayed Democrat
19159,1.123551797040169,IOWA,IA,RINGGOLD,REPUBLICAN,2714.0,0.7273397199705232,REPUBLICAN,2707.0,0.6738086442556336,#970D03,both,5.353107571488957,Stayed Republican
46037,1.1216835699797154,SOUTH DAKOTA,SD,DAY,REPUBLICAN,2964.0,0.6305668016194332,REPUBLICAN,2747.0,0.592282489989079,#970D03,both,3.8284311630354284,Stayed Republican
38031,1.1209280303030302,NORTH DAKOTA,ND,FOSTER,REPUBLICAN,1778.0,0.766029246344207,REPUBLICAN,1719.0,0.7219313554392088,#970D03,both,4.409789090499816,Stayed Republican
1085,1.1188614800759058,ALABAMA,AL,LOWNDES,DEMOCRAT,6835.0,0.7274323335771763,DEMOCRAT,6684.0,0.7305505685218432,#030D97,both,-0.3118234944666898,Stayed Democrat
46041,1.118197802197804,SOUTH DAKOTA,SD,DEWEY,DEMOCRAT,1966.0,0.5752797558494405,DEMOCRAT,1708.0,0.5199063231850117,#030D97,both,5.537343266442873,Stayed Democrat
13099,1.1133333333333288,GEORGIA,GA,EARLY,REPUBLICAN,5187.0,0.5247734721418932,REPUBLICAN,4785.0,0.5333333333333333,#970D03,both,-0.8559861191440143,Stayed Republican
13283,1.1066085271317827,GEORGIA,GA,TREUTLEN,REPUBLICAN,3077.0,0.682807929801755,REPUBLICAN,2703.0,0.6692563817980022,#970D03,both,1.35515480037528,Stayed Republican
46003,1.1057794676806074,SOUTH DAKOTA,SD,AURORA,REPUBLICAN,1405.0,0.7487544483985765,REPUBLICAN,1407.0,0.6922530206112296,#970D03,both,5.65014277873469,Stayed Republican
48047,1.1026799999999979,TEXAS,TX,BROOKS,DEMOCRAT,2484.0,0.5917874396135265,DEMOCRAT,2596.0,0.7461479198767335,#030D97,both,-15.436048026320693,Stayed Democrat
13299,1.1013446969696958,GEORGIA,GA,WARE,REPUBLICAN,14192.0,0.6951099210822999,REPUBLICAN,12184.0,0.6987032173342088,#970D03,both,-0.3593296251908962,Stayed Republican
48105,1.1012280701754393,TEXAS,TX,CROCKETT,REPUBLICAN,1574.0,0.7750952986022872,REPUBLICAN,1395.0,0.7025089605734767,#970D03,both,7.258633802881054,Stayed Republican
30071,1.0989367088607611,MONTANA,MT,PHILLIPS,REPUBLICAN,2382.0,0.8127623845507976,REPUBLICAN,2171.0,0.7936434822662367,#970D03,both,1.9118902284560924,Stayed Republican
13315,1.0986398467432905,GEORGIA,GA,WILCOX,REPUBLICAN,3281.0,0.7323986589454434,REPUBLICAN,2976.0,0.7043010752688172,#970D03,both,2.809758367662618,Stayed Republican
1065,1.0969216061185483,ALABAMA,AL,HALE,DEMOCRAT,7900.0,0.590253164556962,DEMOCRAT,8040.0,0.5939054726368159,#030D97,both,-0.365230807985395,Stayed Democrat
48153,1.096225680933852,TEXAS,TX,FLOYD,REPUBLICAN,2039.0,0.7768513977439921,REPUBLICAN,1959.0,0.7524247064828994,#970D03,both,2.442669126109276,Stayed Republican
31005,1.0961928934010154,NEBRASKA,NE,ARTHUR,REPUBLICAN,284.0,0.9154929577464789,REPUBLICAN,273.0,0.8937728937728938,#970D03,both,2.1720063973585058,Stayed Republican
48107,1.0838446601941771,TEXAS,TX,CROSBY,REPUBLICAN,1953.0,0.7147977470558116,REPUBLICAN,1728.0,0.6834490740740741,#970D03,both,3.134867298173749,Stayed Republican
48433,1.0759322033898306,TEXAS,TX,STONEWALL,REPUBLICAN,736.0,0.8355978260869565,REPUBLICAN,701.0,0.7917261055634808,#970D03,both,4.387172052347577,Stayed Republican
26071,1.0705664488017446,MICHIGAN,MI,IRON,REPUBLICAN,6789.0,0.6210045662100456,REPUBLICAN,5910.0,0.6218274111675127,#970D03,both,-0.08228449574670949,Stayed Republican
13281,1.067842003853565,GEORGIA,GA,TOWNS,REPUBLICAN,7979.0,0.800100263190876,REPUBLICAN,6764.0,0.7958308693081018,#970D03,both,0.4269393882774253,Stayed Republican
20083,1.0672340425531905,KANSAS,KS,HODGEMAN,REPUBLICAN,1045.0,0.8373205741626795,REPUBLICAN,1017.0,0.8407079646017699,#970D03,both,-0.3387390439090421,Stayed Republican
20137,1.063543788187373,KANSAS,KS,NORTON,REPUBLICAN,2415.0,0.831055900621118,REPUBLICAN,2234.0,0.8236347358997315,#970D03,both,0.7421164721386542,Stayed Republican
28023,1.055904761904758,MISSISSIPPI,MS,CLARKE,REPUBLICAN,8338.0,0.6496761813384505,REPUBLICAN,7791.0,0.6593505326658965,#970D03,both,-0.9674351327445985,Stayed Republican
30085,1.0547565543071147,MONTANA,MT,ROOSEVELT,REPUBLICAN,4017.0,0.49688822504356484,REPUBLICAN,3652.0,0.4920591456736035,#970D03,both,0.4829079369961353,Stayed Republican
48079,1.0539679358717424,TEXAS,TX,COCHRAN,REPUBLICAN,1000.0,0.809,REPUBLICAN,901.0,0.753607103218646,#970D03,both,5.539289678135406,Stayed Republican
19063,1.0499373695198344,IOWA,IA,EMMET,REPUBLICAN,4853.0,0.6733978982072945,REPUBLICAN,4753.0,0.657269093204292,#970D03,both,1.61288050030024,Stayed Republican
26013,1.049387351778658,MICHIGAN,MI,BARAGA,REPUBLICAN,4038.0,0.6220901436354631,REPUBLICAN,3490.0,0.6183381088825215,#970D03,both,0.3752034752941613,Stayed Republican
48333,1.0469133192389022,TEXAS,TX,MILLS,REPUBLICAN,2505.0,0.8850299401197604,REPUBLICAN,2245.0,0.8690423162583519,#970D03,both,1.5987623861408506,Stayed Republican
48109,1.0444444444444438,TEXAS,TX,CULBERSON,DEMOCRAT,864.0,0.5069444444444444,DEMOCRAT,767.0,0.5919165580182529,#030D97,both,-8.497211357380852,Stayed Democrat
8111,1.0376954732510288,COLORADO,CO,SAN JUAN,DEMOCRAT,562.0,0.608540925266904,DEMOCRAT,506.0,0.5237154150197628,#030D97,both,8.482551024714112,Stayed Democrat
28055,1.0374082568807335,MISSISSIPPI,MS,ISSAQUENA,DEMOCRAT,676.0,0.5251479289940828,DEMOCRAT,699.0,0.5650929899856938,#030D97,both,-3.994506099161099,Stayed Democrat
48207,1.0366457023060787,TEXAS,TX,HASKELL,REPUBLICAN,2214.0,0.8310749774164409,REPUBLICAN,1770.0,0.7926553672316384,#970D03,both,3.8419610184802444,Stayed Republican
38063,1.0355666003976134,NORTH DAKOTA,ND,NELSON,REPUBLICAN,1777.0,0.6420934158694429,REPUBLICAN,1717.0,0.5969714618520675,#970D03,both,4.512195401737539,Stayed Republican
20131,1.0292914979757068,KANSAS,KS,NEMAHA,REPUBLICAN,5684.0,0.8205489092188599,REPUBLICAN,5122.0,0.8051542366263178,#970D03,both,1.5394672592542125,Stayed Republican
48115,1.027576335877864,TEXAS,TX,DAWSON,REPUBLICAN,3789.0,0.7788334652942729,REPUBLICAN,3563.0,0.7398259893348302,#970D03,both,3.900747595944265,Stayed Republican
27069,1.022083333333333,MINNESOTA,MN,KITTSON,REPUBLICAN,2639.0,0.5858279651383099,REPUBLICAN,2385.0,0.5656184486373166,#970D03,both,2.020951650099334,Stayed Republican
13165,1.0135619047619024,GEORGIA,GA,JENKINS,REPUBLICAN,3455.0,0.6254703328509407,REPUBLICAN,3056.0,0.6200916230366492,#970D03,both,0.5378709814291449,Stayed Republican
13091,1.0133522727272746,GEORGIA,GA,DODGE,REPUBLICAN,8070.0,0.7240396530359355,REPUBLICAN,7009.0,0.7163646739905836,#970D03,both,0.7674979045351971,Stayed Republican
20039,1.013078758949881,KANSAS,KS,DECATUR,REPUBLICAN,1498.0,0.8411214953271028,REPUBLICAN,1452.0,0.8333333333333334,#970D03,both,0.7788161993769416,Stayed Republican
48275,1.0071844660194156,TEXAS,TX,KNOX,REPUBLICAN,1456.0,0.8104395604395604,REPUBLICAN,1367.0,0.7885881492318947,#970D03,both,2.185141120766576,Stayed Republican
13287,1.0063977485928723,GEORGIA,GA,TURNER,REPUBLICAN,3792.0,0.6194620253164557,REPUBLICAN,3398.0,0.6165391406709829,#970D03,both,0.29228846454727453,Stayed Republican
47095,0.9977406679764256,TENNESSEE,TN,LAKE,REPUBLICAN,2034.0,0.7335299901671584,REPUBLICAN,1970.0,0.6888324873096446,#970D03,both,4.469750285751372,Stayed Republican
48399,0.993299595141698,TEXAS,TX,RUNNELS,REPUBLICAN,4409.0,0.8634611022907689,REPUBLICAN,3782.0,0.8593336858804865,#970D03,both,0.41274164102823585,Stayed Republican
48083,0.9916122448979598,TEXAS,TX,COLEMAN,REPUBLICAN,4124.0,0.8828806983511154,REPUBLICAN,3643.0,0.872083447707933,#970D03,both,1.0797250643182377,Stayed Republican
48327,0.9890888382687935,TEXAS,TX,MENARD,REPUBLICAN,1028.0,0.8005836575875487,REPUBLICAN,864.0,0.7893518518518519,#970D03,both,1.123180573569682,Stayed Republican
19085,0.9887777777777753,IOWA,IA,HARRISON,REPUBLICAN,8155.0,0.6842427958307786,REPUBLICAN,7465.0,0.6566644340254522,#970D03,both,2.757836180532647,Stayed Republican
47137,0.986390041493775,TENNESSEE,TN,PICKETT,REPUBLICAN,2931.0,0.8123507335380417,REPUBLICAN,2615.0,0.772848948374761,#970D03,both,3.9501785163280623,Stayed Republican
13007,0.9775425330812844,GEORGIA,GA,BAKER,REPUBLICAN,1555.0,0.5768488745980708,REPUBLICAN,1440.0,0.5381944444444444,#970D03,both,3.865443015362635,Stayed Republican
13279,0.9774952561669825,GEORGIA,GA,TOOMBS,REPUBLICAN,10914.0,0.7212754260582738,REPUBLICAN,9138.0,0.7239001969796455,#970D03,both,-0.26247709213716997,Stayed Republican
4017,0.9766977611940261,ARIZONA,AZ,NAVAJO,REPUBLICAN,51767.0,0.534259277145672,REPUBLICAN,40294.0,0.5106715640045665,#970D03,both,2.3587713141105526,Stayed Republican
22081,0.9755534351145032,LOUISIANA,LA,RED RIVER,REPUBLICAN,4132.0,0.5839787028073572,REPUBLICAN,4422.0,0.5407055630936228,#970D03,both,4.327313971373437,Stayed Republican
48189,0.9695833333333336,TEXAS,TX,HALE,REPUBLICAN,9586.0,0.748696015021907,REPUBLICAN,8858.0,0.7186723865432377,#970D03,both,3.002362847866924,Stayed Republican
13017,0.9647637051039701,GEORGIA,GA,BEN HILL,REPUBLICAN,6560.0,0.6265243902439024,REPUBLICAN,5936.0,0.6298854447439353,#970D03,both,-0.33610545000328784,Stayed Republican
12125,0.96331417624521,FLORIDA,FL,UNION,REPUBLICAN,6245.0,0.821937550040032,REPUBLICAN,5694.0,0.8022479803301721,#970D03,both,1.968956970985991,Stayed Republican
13293,0.9587642585551337,GEORGIA,GA,UPSON,REPUBLICAN,12905.0,0.6670282836110035,REPUBLICAN,10934.0,0.6669105542344979,#970D03,both,0.011772937650567084,Stayed Republican
46071,0.9581837606837598,SOUTH DAKOTA,SD,JACKSON,REPUBLICAN,1115.0,0.6618834080717488,REPUBLICAN,1095.0,0.6593607305936073,#970D03,both,0.25226774781414996,Stayed Republican
48219,0.9540337711069435,TEXAS,TX,HOCKLEY,REPUBLICAN,8100.0,0.8069135802469136,REPUBLICAN,7311.0,0.7945561482697305,#970D03,both,1.2357431977183087,Stayed Republican
26131,0.948922716627635,MICHIGAN,MI,ONTONAGON,REPUBLICAN,3804.0,0.6198738170347003,REPUBLICAN,3426.0,0.603035610040864,#970D03,both,1.6838206993836313,Stayed Republican
1041,0.948273244781786,ALABAMA,AL,CRENSHAW,REPUBLICAN,6617.0,0.7350763185733716,REPUBLICAN,6267.0,0.720121270145205,#970D03,both,1.495504842816664,Stayed Republican
17175,0.9464007782101183,ILLINOIS,IL,STARK,REPUBLICAN,2883.0,0.6951092611862643,REPUBLICAN,2743.0,0.6481954064892453,#970D03,both,4.691385469701892,Stayed Republican
48195,0.9406990291262134,TEXAS,TX,HANSFORD,REPUBLICAN,2047.0,0.9032730825598436,REPUBLICAN,1947.0,0.8885464817668207,#970D03,both,1.4726600793022904,Stayed Republican
35051,0.9395740365111556,NEW MEXICO,NM,SIERRA,REPUBLICAN,5945.0,0.5957947855340623,REPUBLICAN,5181.0,0.5809689249179695,#970D03,both,1.4825860616092812,Stayed Republican
5077,0.9378119001919408,ARKANSAS,AR,LEE,DEMOCRAT,2848.0,0.4996488764044944,DEMOCRAT,3026.0,0.5733641771315268,#030D97,both,-7.371530072703236,Stayed Democrat
19115,0.9368400770712914,IOWA,IA,LOUISA,REPUBLICAN,5332.0,0.6575393848462115,REPUBLICAN,5008.0,0.6128194888178914,#970D03,both,4.471989602832016,Stayed Republican
48465,0.9336242884250484,TEXAS,TX,VAL VERDE,REPUBLICAN,15280.0,0.5421465968586388,DEMOCRAT,13617.0,0.5114195490930454,#AB5A68,both,3.072704776559332,To Republican
51678,0.9331213872832377,VIRGINIA,VA,LEXINGTON CITY,DEMOCRAT,2764.0,0.6479739507959479,DEMOCRAT,2465.0,0.6141987829614605,#030D97,both,3.377516783448742,Stayed Democrat
13167,0.9330019120458904,GEORGIA,GA,JOHNSON,REPUBLICAN,4100.0,0.6951219512195121,REPUBLICAN,3686.0,0.6833966359196961,#970D03,both,1.172531529981602,Stayed Republican
4007,0.9309714285714275,ARIZONA,AZ,GILA,REPUBLICAN,27662.0,0.6643409731761984,REPUBLICAN,36697.0,0.3864621086192332,#970D03,both,27.787886455696526,Stayed Republican
28097,0.9270056497175125,MISSISSIPPI,MS,MONTGOMERY,REPUBLICAN,5075.0,0.5747783251231527,REPUBLICAN,4996.0,0.5640512409927942,#970D03,both,1.07270841303585,Stayed Republican
20171,0.9258640776699022,KANSAS,KS,SCOTT,REPUBLICAN,2354.0,0.8555649957519117,REPUBLICAN,2202.0,0.8469573115349682,#970D03,both,0.8607684216943468,Stayed Republican
31135,0.925669099756691,NEBRASKA,NE,PERKINS,REPUBLICAN,1544.0,0.8555699481865285,REPUBLICAN,1455.0,0.836426116838488,#970D03,both,1.914383134804054,Stayed Republican
28031,0.9253523809523777,MISSISSIPPI,MS,COVINGTON,REPUBLICAN,9360.0,0.6254273504273504,REPUBLICAN,8811.0,0.616842583134718,#970D03,both,0.8584767292632467,Stayed Republican
47027,0.9240307101727441,TENNESSEE,TN,CLAY,REPUBLICAN,3506.0,0.7795208214489446,REPUBLICAN,2920.0,0.7332191780821918,#970D03,both,4.63016433667528,Stayed Republican
48045,0.9240000000000006,TEXAS,TX,BRISCOE,REPUBLICAN,725.0,0.8813793103448276,REPUBLICAN,736.0,0.8491847826086957,#970D03,both,3.219452773613196,Stayed Republican
38045,0.9232527472527456,NORTH DAKOTA,ND,LAMOURE,REPUBLICAN,2219.0,0.7413249211356467,REPUBLICAN,2151.0,0.6885169688516969,#970D03,both,5.280795228394986,Stayed Republican
28159,0.9232022471910112,MISSISSIPPI,MS,WINSTON,REPUBLICAN,9236.0,0.5534863577306193,REPUBLICAN,8881.0,0.552865668280599,#970D03,both,0.06206894500202509,Stayed Republican
29057,0.9194170403587433,MISSOURI,MO,DADE,REPUBLICAN,4119.0,0.8288419519300801,REPUBLICAN,3951.0,0.8058719311566692,#970D03,both,2.2970020773410926,Stayed Republican
1063,0.916939163498097,ALABAMA,AL,GREENE,DEMOCRAT,4775.0,0.8134031413612566,DEMOCRAT,4880.0,0.8223360655737705,#030D97,both,-0.8932924212513904,Stayed Democrat
48431,0.9151679586563305,TEXAS,TX,STERLING,REPUBLICAN,639.0,0.9139280125195618,REPUBLICAN,633.0,0.8672985781990521,#970D03,both,4.6629434320509695,Stayed Republican
17053,0.9137739463601546,ILLINOIS,IL,FORD,REPUBLICAN,6953.0,0.7260175463828563,REPUBLICAN,6396.0,0.7004377736085053,#970D03,both,2.5579772774350973,Stayed Republican
1127,0.9127340823970064,ALABAMA,AL,WALKER,REPUBLICAN,31170.0,0.8341995508501765,REPUBLICAN,29472.0,0.82335776330076,#970D03,both,1.0841787549416448,Stayed Republican
13303,0.9108867924528289,GEORGIA,GA,WASHINGTON,DEMOCRAT,9459.0,0.5000528597103288,DEMOCRAT,8461.0,0.4963952251506914,#030D97,both,0.3657634559637357,Stayed Democrat
20167,0.9095011876484548,KANSAS,KS,RUSSELL,REPUBLICAN,3467.0,0.8047303143928468,REPUBLICAN,3193.0,0.8061384278108362,#970D03,both,-0.14081134179894095,Stayed Republican
48427,0.9090304182509572,TEXAS,TX,STARR,DEMOCRAT,17525.0,0.5205706134094151,DEMOCRAT,11740.0,0.7912265758091993,#030D97,both,-27.06559623997842,Stayed Democrat
13235,0.9021739130434743,GEORGIA,GA,PULASKI,REPUBLICAN,4059.0,0.6910569105691057,REPUBLICAN,3605.0,0.676005547850208,#970D03,both,1.505136271889762,Stayed Republican
30005,0.9019036144578297,MONTANA,MT,BLAINE,DEMOCRAT,3117.0,0.5097850497273019,REPUBLICAN,2684.0,0.47242921013412814,#11A3D6,both,3.735583959317373,To Democrat
1047,0.9010984848484817,ALABAMA,AL,DALLAS,DEMOCRAT,17864.0,0.6846171070309002,DEMOCRAT,18792.0,0.6830566198382291,#030D97,both,0.15604871926711006,Stayed Democrat
28051,0.897940074906363,MISSISSIPPI,MS,HOLMES,DEMOCRAT,8115.0,0.811829944547135,DEMOCRAT,8076.0,0.8282565626547796,#030D97,both,-1.6426618107644675,Stayed Democrat
30021,0.8972562358276657,MONTANA,MT,DAWSON,REPUBLICAN,4825.0,0.778860103626943,REPUBLICAN,4374.0,0.7590306355738454,#970D03,both,1.9829468053097599,Stayed Republican
38043,0.8920353982300879,NORTH DAKOTA,ND,KIDDER,REPUBLICAN,1460.0,0.8321917808219178,REPUBLICAN,1376.0,0.8074127906976745,#970D03,both,2.477899012424334,Stayed Republican
48385,0.8896929824561386,TEXAS,TX,REAL,REPUBLICAN,1982.0,0.8289606458123108,REPUBLICAN,1681.0,0.8221296847114813,#970D03,both,0.683096110082948,Stayed Republican
1027,0.8895454545454538,ALABAMA,AL,CLAY,REPUBLICAN,6930.0,0.8082251082251082,REPUBLICAN,6624.0,0.7918176328502415,#970D03,both,1.6407475374866642,Stayed Republican
48129,0.8886346153846167,TEXAS,TX,DONLEY,REPUBLICAN,1648.0,0.8725728155339806,REPUBLICAN,1465.0,0.8361774744027304,#970D03,both,3.6395341131250203,Stayed Republican
28083,0.8867222222222169,MISSISSIPPI,MS,LEFLORE,DEMOCRAT,10893.0,0.7021022675112457,DEMOCRAT,11140.0,0.6990125673249551,#030D97,both,0.30897001862906226,Stayed Democrat
48033,0.8838728323699422,TEXAS,TX,BORDEN,REPUBLICAN,416.0,0.9543269230769231,REPUBLICAN,365.0,0.9041095890410958,#970D03,both,5.021733403582729,Stayed Republican
48443,0.8826712328767128,TEXAS,TX,TERRELL,REPUBLICAN,458.0,0.7292576419213974,REPUBLICAN,438.0,0.6575342465753424,#970D03,both,7.172339534605499,Stayed Republican
31161,0.8825977011494266,NEBRASKA,NE,SHERIDAN,REPUBLICAN,2672.0,0.8577844311377245,REPUBLICAN,2608.0,0.8477760736196319,#970D03,both,1.0008357518092592,Stayed Republican
46097,0.8816601562499992,SOUTH DAKOTA,SD,MINER,REPUBLICAN,1138.0,0.6915641476274165,REPUBLICAN,1064.0,0.6635338345864662,#970D03,both,2.803031304095027,Stayed Republican
28125,0.880418250950571,MISSISSIPPI,MS,SHARKEY,DEMOCRAT,2183.0,0.6710948236371965,DEMOCRAT,2190.0,0.6753424657534246,#030D97,both,-0.42476421162280786,Stayed Democrat
28063,0.8793916349809883,MISSISSIPPI,MS,JEFFERSON,DEMOCRAT,3908.0,0.8513306038894575,DEMOCRAT,3860.0,0.8645077720207254,#030D97,both,-1.3177168131267902,Stayed Democrat
48445,0.8787500000000027,TEXAS,TX,TERRY,REPUBLICAN,3612.0,0.778516057585825,REPUBLICAN,3355.0,0.7329359165424739,#970D03,both,4.558014104335106,Stayed Republican
19135,0.8747443762781202,IOWA,IA,MONROE,REPUBLICAN,4088.0,0.7284735812133072,REPUBLICAN,3865.0,0.682535575679172,#970D03,both,4.5938005534135185,Stayed Republican
13163,0.8720650095602326,GEORGIA,GA,JEFFERSON,DEMOCRAT,7642.0,0.5314053912588328,DEMOCRAT,6968.0,0.5483639494833524,#030D97,both,-1.6958558224519638,Stayed Democrat
48403,0.8672709551656913,TEXAS,TX,SABINE,REPUBLICAN,5491.0,0.8712438535785831,REPUBLICAN,4651.0,0.8596000860030101,#970D03,both,1.164376757557306,Stayed Republican
28043,0.8665977443609012,MISSISSIPPI,MS,GRENADA,REPUBLICAN,10911.0,0.5573274676931537,REPUBLICAN,10513.0,0.5678683534671359,#970D03,both,-1.0540885773982267,Stayed Republican
28011,0.8645981308411259,MISSISSIPPI,MS,BOLIVAR,DEMOCRAT,13744.0,0.6478463329452853,DEMOCRAT,13824.0,0.6543692129629629,#030D97,both,-0.6522880017677646,Stayed Democrat
19109,0.8638794726930293,IOWA,IA,KOSSUTH,REPUBLICAN,9090.0,0.6917491749174918,REPUBLICAN,8607.0,0.6567909840827234,#970D03,both,3.4958190834768366,Stayed Republican
48507,0.8638019801980199,TEXAS,TX,ZAVALA,DEMOCRAT,4379.0,0.6540306005937429,DEMOCRAT,3396.0,0.7762073027090695,#030D97,both,-12.21767021153266,Stayed Democrat
17045,0.86181425485961,ILLINOIS,IL,EDGAR,REPUBLICAN,8196.0,0.7556124938994632,REPUBLICAN,7873.0,0.7170074939667217,#970D03,both,3.860499993274147,Stayed Republican
21171,0.8610638297872324,KENTUCKY,KY,MONROE,REPUBLICAN,5330.0,0.8682926829268293,REPUBLICAN,4991.0,0.8571428571428571,#970D03,both,1.1149825783972167,Stayed Republican
29079,0.8610234541577809,MISSOURI,MO,GRUNDY,REPUBLICAN,4437.0,0.8079783637592968,REPUBLICAN,4310.0,0.8032482598607888,#970D03,both,0.473010389850792,Stayed Republican
47083,0.8608097928436932,TENNESSEE,TN,HOUSTON,REPUBLICAN,3686.0,0.7373846988605535,REPUBLICAN,3168.0,0.6887626262626263,#970D03,both,4.862207259792717,Stayed Republican
13199,0.8602268431001916,GEORGIA,GA,MERIWETHER,REPUBLICAN,10877.0,0.5997977383469707,REPUBLICAN,9217.0,0.566561788000434,#970D03,both,3.3235950346536702,Stayed Republican
13069,0.8592090395480221,GEORGIA,GA,COFFEE,REPUBLICAN,15214.0,0.6952806625476535,REPUBLICAN,13915.0,0.6890406036651096,#970D03,both,0.6240058882543975,Stayed Republican
48103,0.859194756554308,TEXAS,TX,CRANE,REPUBLICAN,1503.0,0.8296739853626082,REPUBLICAN,1384.0,0.7579479768786127,#970D03,both,7.172600848399546,Stayed Republican
8011,0.8580912863070542,COLORADO,CO,BENT,REPUBLICAN,2274.0,0.6609498680738787,REPUBLICAN,1927.0,0.6165023352361183,#970D03,both,4.444753283776038,Stayed Republican
22025,0.85795497185741,LOUISIANA,LA,CATAHOULA,REPUBLICAN,4858.0,0.7289007822149033,REPUBLICAN,4856.0,0.7164332784184514,#970D03,both,1.2467503796451895,Stayed Republican
19029,0.8568958742632632,IOWA,IA,CASS,REPUBLICAN,7276.0,0.684304562946674,REPUBLICAN,7125.0,0.6682105263157895,#970D03,both,1.609403663088449,Stayed Republican
51620,0.8546551724137944,VIRGINIA,VA,FRANKLIN CITY,DEMOCRAT,4064.0,0.6213090551181102,DEMOCRAT,4070.0,0.6189189189189189,#030D97,both,0.23901361991912617,Stayed Democrat
19141,0.8531730769230781,IOWA,IA,O'BRIEN,REPUBLICAN,7551.0,0.77751291219706,REPUBLICAN,7406.0,0.7766675668376991,#970D03,both,0.08453453593608717,Stayed Republican
35006,0.8524385633270346,NEW MEXICO,NM,CIBOLA,DEMOCRAT,8903.0,0.5329664158148939,DEMOCRAT,8063.0,0.46397122659059903,#030D97,both,6.899518922429487,Stayed Democrat
30107,0.8501204819277122,MONTANA,MT,WHEATLAND,REPUBLICAN,1068.0,0.7705992509363296,REPUBLICAN,946.0,0.7420718816067653,#970D03,both,2.8527369329564345,Stayed Republican
48305,0.8495238095238088,TEXAS,TX,LYNN,REPUBLICAN,2293.0,0.8081116441343218,REPUBLICAN,2009.0,0.7695370831259333,#970D03,both,3.857456100838852,Stayed Republican
48487,0.848169291338583,TEXAS,TX,WILBARGER,REPUBLICAN,4524.0,0.7789566755083996,REPUBLICAN,4105.0,0.7712545676004872,#970D03,both,0.7702107907912481,Stayed Republican
1057,0.8480114722753336,ALABAMA,AL,FAYETTE,REPUBLICAN,8766.0,0.8327629477526808,REPUBLICAN,8249.0,0.813674384773912,#970D03,both,1.908856297876882,Stayed Republican
13037,0.8474952561669833,GEORGIA,GA,CALHOUN,DEMOCRAT,2194.0,0.5742935278030994,DEMOCRAT,2025.0,0.5822222222222222,#030D97,both,-0.7928694419122806,Stayed Democrat
5113,0.8464419475655454,ARKANSAS,AR,POLK,REPUBLICAN,8490.0,0.8286219081272085,REPUBLICAN,8231.0,0.8040335317701373,#970D03,both,2.458837635707123,Stayed Republican
13001,0.8457934990439742,GEORGIA,GA,APPLING,REPUBLICAN,8341.0,0.7824001918235224,REPUBLICAN,7012.0,0.7835139760410724,#970D03,both,-0.11137842175500401,Stayed Republican
5017,0.8433965844402295,ARKANSAS,AR,CHICOT,DEMOCRAT,4103.0,0.5508164757494516,DEMOCRAT,4176.0,0.5627394636015326,#030D97,both,-1.1922987852081013,Stayed Democrat
47033,0.8433730158730145,TENNESSEE,TN,CROCKETT,REPUBLICAN,6114.0,0.764311416421328,REPUBLICAN,5397.0,0.7378173059106912,#970D03,both,2.649411051063688,Stayed Republican
5081,0.8406302521008422,ARKANSAS,AR,LITTLE RIVER,REPUBLICAN,5177.0,0.7175970639366428,REPUBLICAN,5227.0,0.6896881576430075,#970D03,both,2.7908906293635294,Stayed Republican
5049,0.8400801603206405,ARKANSAS,AR,FULTON,REPUBLICAN,5119.0,0.7737839421762063,REPUBLICAN,4772.0,0.7273679798826488,#970D03,both,4.6415962293557484,Stayed Republican
48411,0.8382241014799175,TEXAS,TX,SAN SABA,REPUBLICAN,2602.0,0.8870099923136049,REPUBLICAN,2357.0,0.859142978362325,#970D03,both,2.7867013951279884,Stayed Republican
1011,0.8366034155597747,ALABAMA,AL,BULLOCK,DEMOCRAT,4613.0,0.7470192933015392,DEMOCRAT,4710.0,0.7494692144373672,#030D97,both,-0.24499211358280926,Stayed Democrat
38029,0.8358027079303691,NORTH DAKOTA,ND,EMMONS,REPUBLICAN,2009.0,0.8651070184171229,REPUBLICAN,1981.0,0.8465421504290762,#970D03,both,1.8564867988046685,Stayed Republican
19001,0.8345895522388064,IOWA,IA,ADAIR,REPUBLICAN,4177.0,0.6995451280823558,REPUBLICAN,3811.0,0.6457622671214904,#970D03,both,5.378286096086537,Stayed Republican
22065,0.8331309297912743,LOUISIANA,LA,MADISON,DEMOCRAT,4670.0,0.5683083511777302,DEMOCRAT,4732.0,0.5798816568047337,#030D97,both,-1.1573305627003538,Stayed Democrat
28007,0.8323872180451138,MISSISSIPPI,MS,ATTALA,REPUBLICAN,8823.0,0.5868752125127508,REPUBLICAN,8256.0,0.5931443798449613,#970D03,both,-0.6269167332210501,Stayed Republican
13205,0.8317769376181455,GEORGIA,GA,MITCHELL,REPUBLICAN,8963.0,0.5505968983599241,REPUBLICAN,7880.0,0.5430203045685279,#970D03,both,0.7576593791396191,Stayed Republican
46087,0.8287222222222227,SOUTH DAKOTA,SD,MCCOOK,REPUBLICAN,2900.0,0.713103448275862,REPUBLICAN,2587.0,0.6934673366834171,#970D03,both,1.9636111592444938,Stayed Republican
13093,0.8276481835564037,GEORGIA,GA,DOOLY,REPUBLICAN,4105.0,0.5259439707673569,REPUBLICAN,3859.0,0.5055713915522156,#970D03,both,2.037257921514124,Stayed Republican
48365,0.825576923076924,TEXAS,TX,PANOLA,REPUBLICAN,11451.0,0.8144266876255349,REPUBLICAN,10416.0,0.8107718894009217,#970D03,both,0.36547982246132316,Stayed Republican
13023,0.8195028680688358,GEORGIA,GA,BLECKLEY,REPUBLICAN,5706.0,0.7584998247458815,REPUBLICAN,4974.0,0.7476879774829112,#970D03,both,1.0811847262970353,Stayed Republican
35007,0.8165107212475623,NEW MEXICO,NM,COLFAX,REPUBLICAN,6016.0,0.543716755319149,REPUBLICAN,5332.0,0.4848087021755439,#970D03,both,5.890805314360509,Stayed Republican
13065,0.815555555555557,GEORGIA,GA,CLINCH,REPUBLICAN,2864.0,0.734986033519553,REPUBLICAN,2455.0,0.7034623217922606,#970D03,both,3.1523711727292403,Stayed Republican
4012,0.8136242884250491,ARIZONA,AZ,LA PAZ,REPUBLICAN,7458.0,0.6877178868329311,REPUBLICAN,5951.0,0.6726600571332549,#970D03,both,1.5057829699676173,Stayed Republican
48023,0.8122149122807006,TEXAS,TX,BAYLOR,REPUBLICAN,1702.0,0.8777908343125734,REPUBLICAN,1499.0,0.8452301534356238,#970D03,both,3.2560680876949633,Stayed Republican
19171,0.8101883239171378,IOWA,IA,TAMA,REPUBLICAN,9048.0,0.588527851458886,REPUBLICAN,8752.0,0.5679844606946983,#970D03,both,2.0543390764187652,Stayed Republican
22111,0.8099999999999979,LOUISIANA,LA,UNION,REPUBLICAN,11201.0,0.7505579858941166,REPUBLICAN,10894.0,0.731778960895906,#970D03,both,1.8779024998210603,Stayed Republican
13137,0.8083269961977149,GEORGIA,GA,HABERSHAM,REPUBLICAN,20432.0,0.8142619420516837,REPUBLICAN,16243.0,0.8120421104475775,#970D03,both,0.2219831604106215,Stayed Republican
28005,0.8064952380952398,MISSISSIPPI,MS,AMITE,REPUBLICAN,7196.0,0.6257643135075042,REPUBLICAN,7050.0,0.6083687943262411,#970D03,both,1.739551918126303,Stayed Republican
13107,0.8047318007662813,GEORGIA,GA,EMANUEL,REPUBLICAN,9501.0,0.6895063677507631,REPUBLICAN,7860.0,0.6787531806615776,#970D03,both,1.075318708918549,Stayed Republican
51017,0.8032151300236404,VIRGINIA,VA,BATH,REPUBLICAN,2501.0,0.7333066773290684,REPUBLICAN,2253.0,0.6870838881491345,#970D03,both,4.622278917993395,Stayed Republican
31043,0.8025686274509813,NEBRASKA,NE,DAKOTA,REPUBLICAN,6794.0,0.5778628201354136,REPUBLICAN,6279.0,0.5758878802357064,#970D03,both,0.19749398997072065,Stayed Republican
55069,0.8024847250509161,WISCONSIN,WI,LINCOLN,REPUBLICAN,16497.0,0.6072013093289689,REPUBLICAN,14706.0,0.5711954304365565,#970D03,both,3.6005878892412357,Stayed Republican
46009,0.802029520295202,SOUTH DAKOTA,SD,BON HOMME,REPUBLICAN,3001.0,0.7447517494168611,REPUBLICAN,2974.0,0.7078009414929388,#970D03,both,3.6950807923922246,Stayed Republican
26135,0.8008237547892739,MICHIGAN,MI,OSCODA,REPUBLICAN,4874.0,0.7111202297907263,REPUBLICAN,4073.0,0.6980112938865701,#970D03,both,1.3108935904156183,Stayed Republican
4027,0.8005065666041264,ARIZONA,AZ,YUMA,REPUBLICAN,69881.0,0.5228030509008171,REPUBLICAN,53010.0,0.47472175061309185,#970D03,both,4.808130028772528,Stayed Republican
1123,0.8004716981132102,ALABAMA,AL,TALLAPOOSA,REPUBLICAN,20991.0,0.7128293077985803,REPUBLICAN,19486.0,0.6976290670224776,#970D03,both,1.5200240776102714,Stayed Republican
45009,0.7995210727969317,SOUTH CAROLINA,SC,BAMBERG,DEMOCRAT,6482.0,0.6186362233878433,DEMOCRAT,6214.0,0.6272932088831671,#030D97,both,-0.8656985495323788,Stayed Democrat
39111,0.7989555125725345,OHIO,OH,MONROE,REPUBLICAN,7148.0,0.7642697257974258,REPUBLICAN,6795.0,0.7164091243561442,#970D03,both,4.786060144128157,Stayed Republican
51590,0.7984150943396221,VIRGINIA,VA,DANVILLE CITY,DEMOCRAT,19456.0,0.6018708881578947,DEMOCRAT,18952.0,0.5835268045588856,#030D97,both,1.8344083599009076,Stayed Democrat
48377,0.7981798715203415,TEXAS,TX,PRESIDIO,DEMOCRAT,2217.0,0.6599007668019846,DEMOCRAT,2208.0,0.6603260869565217,#030D97,both,-0.042532015453711214,Stayed Democrat
6025,0.79782363977486,CALIFORNIA,CA,IMPERIAL,DEMOCRAT,56743.0,0.6111414623830252,DEMOCRAT,48091.0,0.6792747083653906,#030D97,both,-6.8133245982365365,Stayed Democrat
28053,0.7969981238273912,MISSISSIPPI,MS,HUMPHREYS,DEMOCRAT,4189.0,0.7199809023633326,DEMOCRAT,4253.0,0.7220785328003763,#030D97,both,-0.2097630437043696,Stayed Democrat
48131,0.794133858267714,TEXAS,TX,DUVAL,DEMOCRAT,5053.0,0.5095982584603206,DEMOCRAT,4168.0,0.6677063339731286,#030D97,both,-15.810807551280803,Stayed Democrat
48125,0.7917898832684818,TEXAS,TX,DICKENS,REPUBLICAN,988.0,0.8633603238866396,REPUBLICAN,909.0,0.8305830583058306,#970D03,both,3.2777265580809067,Stayed Republican
12013,0.7912835249042145,FLORIDA,FL,CALHOUN,REPUBLICAN,6526.0,0.8081520073551947,REPUBLICAN,6081.0,0.7654990955434962,#970D03,both,4.26529118116985,Stayed Republican
4023,0.7911610486891406,ARIZONA,AZ,SANTA CRUZ,DEMOCRAT,19556.0,0.6718142769482511,DEMOCRAT,16433.0,0.7113734558510315,#030D97,both,-3.955917890278038,Stayed Democrat
48375,0.7898120300751903,TEXAS,TX,POTTER,REPUBLICAN,33337.0,0.6845247022827489,REPUBLICAN,28651.0,0.6851418798645772,#970D03,both,-0.061717758182833204,Stayed Republican
46045,0.7895032397408213,SOUTH DAKOTA,SD,EDMUNDS,REPUBLICAN,1985.0,0.7748110831234257,REPUBLICAN,1918.0,0.7471324296141815,#970D03,both,2.7678653509244255,Stayed Republican
46109,0.788893129770993,SOUTH DAKOTA,SD,ROBERTS,REPUBLICAN,4307.0,0.5581611330392384,REPUBLICAN,3889.0,0.5512985343275907,#970D03,both,0.6862598711647738,Stayed Republican
48081,0.7885420944558538,TEXAS,TX,COKE,REPUBLICAN,1779.0,0.8915120854412592,REPUBLICAN,1423.0,0.8889669711876318,#970D03,both,0.25451142536273563,Stayed Republican
28095,0.7883240223463713,MISSISSIPPI,MS,MONROE,REPUBLICAN,17259.0,0.6476041485601715,REPUBLICAN,15884.0,0.6400780659783429,#970D03,both,0.7526082581828519,Stayed Republican
8017,0.7880618556701037,COLORADO,CO,CHEYENNE,REPUBLICAN,1136.0,0.8741197183098591,REPUBLICAN,1102.0,0.8393829401088929,#970D03,both,3.473677820096621,Stayed Republican
42097,0.7879847908745289,PENNSYLVANIA,PA,NORTHUMBERLAND,REPUBLICAN,42283.0,0.6847196272733723,REPUBLICAN,36622.0,0.6943094314892687,#970D03,both,-0.9589804215896391,Stayed Republican
22123,0.7878875968992225,LOUISIANA,LA,WEST CARROLL,REPUBLICAN,5052.0,0.8545130641330166,REPUBLICAN,4759.0,0.8342088674091196,#970D03,both,2.030419672389705,Stayed Republican
48415,0.787777777777778,TEXAS,TX,SCURRY,REPUBLICAN,5870.0,0.848892674616695,REPUBLICAN,5289.0,0.8338060124787294,#970D03,both,1.5086662137965612,Stayed Republican
46077,0.7867170626349882,SOUTH DAKOTA,SD,KINGSBURY,REPUBLICAN,2779.0,0.6851385390428212,REPUBLICAN,2551.0,0.6585652685221481,#970D03,both,2.6573270520673042,Stayed Republican
13207,0.7861350844277649,GEORGIA,GA,MONROE,REPUBLICAN,15592.0,0.7093381221139046,REPUBLICAN,12687.0,0.6961456609127453,#970D03,both,1.3192461201159245,Stayed Republican
48421,0.7849011857707516,TEXAS,TX,SHERMAN,REPUBLICAN,992.0,0.8931451612903226,REPUBLICAN,935.0,0.8631016042780749,#970D03,both,3.00435570122477,Stayed Republican
46115,0.7840000000000006,SOUTH DAKOTA,SD,SPINK,REPUBLICAN,3163.0,0.6651912741068606,REPUBLICAN,2951.0,0.6282616062351745,#970D03,both,3.6929667871686167,Stayed Republican
13081,0.7835916824196565,GEORGIA,GA,CRISP,REPUBLICAN,8039.0,0.6203507898992412,REPUBLICAN,7512.0,0.6055644302449414,#970D03,both,1.4786359654299752,Stayed Republican
5079,0.7833705772811922,ARKANSAS,AR,LINCOLN,REPUBLICAN,3875.0,0.704258064516129,REPUBLICAN,3826.0,0.641662310507057,#970D03,both,6.259575400907202,Stayed Republican
48069,0.7829135338345861,TEXAS,TX,CASTRO,REPUBLICAN,2083.0,0.7690830532885262,REPUBLICAN,1997.0,0.7080620931397096,#970D03,both,6.102096014881663,Stayed Republican
19131,0.7798848368522089,IOWA,IA,MITCHELL,REPUBLICAN,5822.0,0.6327722432153899,REPUBLICAN,5417.0,0.5888868377330626,#970D03,both,4.388540548232733,Stayed Republican
48447,0.7782009345794394,TEXAS,TX,THROCKMORTON,REPUBLICAN,894.0,0.901565995525727,REPUBLICAN,808.0,0.8849009900990099,#970D03,both,1.6665005426717117,Stayed Republican
1039,0.7776235741444842,ALABAMA,AL,COVINGTON,REPUBLICAN,17430.0,0.8368330464716007,REPUBLICAN,15940.0,0.8323086574654956,#970D03,both,0.45243890061050784,Stayed Republican
22035,0.7766476190476177,LOUISIANA,LA,EAST CARROLL,DEMOCRAT,3036.0,0.6258234519104084,DEMOCRAT,2939.0,0.6253827832596122,#030D97,both,0.044066865079628315,Stayed Democrat
4015,0.7760341555977224,ARIZONA,AZ,MOHAVE,REPUBLICAN,104668.0,0.750324836626285,REPUBLICAN,79943.0,0.7290444441664686,#970D03,both,2.128039245981639,Stayed Republican
5117,0.7744894026974938,ARKANSAS,AR,PRAIRIE,REPUBLICAN,3495.0,0.7971387696709585,REPUBLICAN,3444.0,0.7273519163763066,#970D03,both,6.978685329465195,Stayed Republican
47175,0.7740864440078593,TENNESSEE,TN,VAN BUREN,REPUBLICAN,2921.0,0.8017802122560767,REPUBLICAN,2419.0,0.7523770152955767,#970D03,both,4.9403196960499995,Stayed Republican
48049,0.774015009380861,TEXAS,TX,BROWN,REPUBLICAN,15969.0,0.8577869622393387,REPUBLICAN,14026.0,0.8567660059888778,#970D03,both,0.1020956250460947,Stayed Republican
13105,0.7738921001926804,GEORGIA,GA,ELBERT,REPUBLICAN,9171.0,0.6788790753462,REPUBLICAN,7987.0,0.6625766871165644,#970D03,both,1.630238822963559,Stayed Republican
26053,0.7731309297912692,MICHIGAN,MI,GOGEBIC,REPUBLICAN,8266.0,0.5564964916525527,REPUBLICAN,7329.0,0.5482330468003821,#970D03,both,0.8263444852170565,Stayed Republican
18131,0.7724224806201583,INDIANA,IN,PULASKI,REPUBLICAN,5806.0,0.7313124354116431,REPUBLICAN,5459.0,0.7059901080784027,#970D03,both,2.532232733324047,Stayed Republican
5111,0.7710112359550558,ARKANSAS,AR,POINSETT,REPUBLICAN,7521.0,0.7868634490094403,REPUBLICAN,7722.0,0.7125097125097125,#970D03,both,7.435373649972776,Stayed Republican
38093,0.7705447470817115,NORTH DAKOTA,ND,STUTSMAN,REPUBLICAN,9959.0,0.7022793453157947,REPUBLICAN,10155.0,0.6615460364352536,#970D03,both,4.073330888054116,Stayed Republican
13005,0.7705152671755696,GEORGIA,GA,BACON,REPUBLICAN,4668.0,0.8607540702656384,REPUBLICAN,4020.0,0.83681592039801,#970D03,both,2.3938149867628433,Stayed Republican
51159,0.7700385356454714,VIRGINIA,VA,RICHMOND,REPUBLICAN,4102.0,0.62091662603608,REPUBLICAN,3661.0,0.6044796503687517,#970D03,both,1.6436975667328269,Stayed Republican
28027,0.7699626168224297,MISSISSIPPI,MS,COAHOMA,DEMOCRAT,8501.0,0.7081519821197506,DEMOCRAT,8912.0,0.7156642728904847,#030D97,both,-0.751229077073412,Stayed Democrat
35045,0.7689265536723177,NEW MEXICO,NM,SAN JUAN,REPUBLICAN,52294.0,0.6286380846751062,REPUBLICAN,46110.0,0.606072435480373,#970D03,both,2.256564919473314,Stayed Republican
20127,0.7686329588014993,KANSAS,KS,MORRIS,REPUBLICAN,2899.0,0.7326664367023111,REPUBLICAN,2624.0,0.6935975609756098,#970D03,both,3.906887572670137,Stayed Republican
5097,0.7681376518218612,ARKANSAS,AR,MONTGOMERY,REPUBLICAN,3873.0,0.7864704363542474,REPUBLICAN,3559.0,0.7426243326777184,#970D03,both,4.384610367652897,Stayed Republican
28141,0.7670114942528758,MISSISSIPPI,MS,TISHOMINGO,REPUBLICAN,9138.0,0.8681330706938061,REPUBLICAN,8371.0,0.8560506510572213,#970D03,both,1.208241963658474,Stayed Republican
48151,0.7663312368972751,TEXAS,TX,FISHER,REPUBLICAN,1826.0,0.7929901423877328,REPUBLICAN,1729.0,0.7316367842683632,#970D03,both,6.13533581193696,Stayed Republican
48369,0.7658846918489075,TEXAS,TX,PARMER,REPUBLICAN,2650.0,0.8056603773584906,REPUBLICAN,2466.0,0.7765612327656123,#970D03,both,2.9099144592878323,Stayed Republican
1017,0.7658614232209765,ALABAMA,AL,CHAMBERS,REPUBLICAN,15284.0,0.5726903951845067,REPUBLICAN,13900.0,0.5642446043165468,#970D03,both,0.8445790867959935,Stayed Republican
16079,0.7648130841121533,IDAHO,ID,SHOSHONE,REPUBLICAN,6049.0,0.6969747065630683,REPUBLICAN,5120.0,0.6439453125,#970D03,both,5.3029394063068285,Stayed Republican
48263,0.7643884892086331,TEXAS,TX,KENT,REPUBLICAN,462.0,0.8896103896103896,REPUBLICAN,434.0,0.8294930875576036,#970D03,both,6.011730205278598,Stayed Republican
20023,0.763569979716024,KANSAS,KS,CHEYENNE,REPUBLICAN,1429.0,0.827851644506648,REPUBLICAN,1407.0,0.8336886993603412,#970D03,both,-0.5837054853693124,Stayed Republican
48283,0.7622529644268766,TEXAS,TX,LA SALLE,REPUBLICAN,2406.0,0.5548628428927681,DEMOCRAT,2059.0,0.5483244293346284,#AB5A68,both,0.6538413558139666,To Republican
42087,0.7621374045801546,PENNSYLVANIA,PA,MIFFLIN,REPUBLICAN,21502.0,0.7752767184447958,REPUBLICAN,18601.0,0.7577011988602763,#970D03,both,1.7575519584519528,Stayed Republican
38049,0.7600948766603426,NORTH DAKOTA,ND,MCHENRY,REPUBLICAN,3003.0,0.7872127872127872,REPUBLICAN,2820.0,0.7269503546099291,#970D03,both,6.026243260285813,Stayed Republican
46067,0.7578666666666654,SOUTH DAKOTA,SD,HUTCHINSON,REPUBLICAN,3767.0,0.7815237589593841,REPUBLICAN,3365.0,0.7479940564635958,#970D03,both,3.352970249578824,Stayed Republican
13259,0.7570881226053651,GEORGIA,GA,STEWART,DEMOCRAT,1990.0,0.5939698492462312,DEMOCRAT,2058.0,0.5937803692905733,#030D97,both,0.018947995565787856,Stayed Democrat
48127,0.7566927592955004,TEXAS,TX,DIMMIT,DEMOCRAT,3666.0,0.6175668303327878,DEMOCRAT,3225.0,0.6737984496124031,#030D97,both,-5.623161927961529,Stayed Democrat
28133,0.7562335216572474,MISSISSIPPI,MS,SUNFLOWER,DEMOCRAT,9681.0,0.7004441689908067,DEMOCRAT,9598.0,0.7006668055844968,#030D97,both,-0.022263659369003985,Stayed Democrat
48169,0.7561991869918715,TEXAS,TX,GARZA,REPUBLICAN,1653.0,0.8548094373865699,REPUBLICAN,1484.0,0.8254716981132075,#970D03,both,2.933773927336236,Stayed Republican
8089,0.7557954545454524,COLORADO,CO,OTERO,REPUBLICAN,9576.0,0.6010860484544696,REPUBLICAN,8452.0,0.5830572645527686,#970D03,both,1.8028783901700929,Stayed Republican
21077,0.7556751467710396,KENTUCKY,KY,GALLATIN,REPUBLICAN,3849.0,0.7677318784099766,REPUBLICAN,3338.0,0.7318753744757339,#970D03,both,3.5856503934242667,Stayed Republican
1091,0.7550853889943059,ALABAMA,AL,MARENGO,DEMOCRAT,10900.0,0.50348623853211,DEMOCRAT,10994.0,0.5107331271602692,#030D97,both,-0.7246888628159143,Stayed Democrat
32027,0.7528448275862075,NEVADA,NV,PERSHING,REPUBLICAN,2320.0,0.7461206896551724,REPUBLICAN,1982.0,0.7078708375378405,#970D03,both,3.8249852117331895,Stayed Republican
48061,0.7524906367041196,TEXAS,TX,CAMERON,DEMOCRAT,114174.0,0.5610997249811691,DEMOCRAT,92079.0,0.6451199513461267,#030D97,both,-8.402022636495754,Stayed Democrat
48353,0.751847389558236,TEXAS,TX,NOLAN,REPUBLICAN,5357.0,0.7711405637483666,REPUBLICAN,4857.0,0.7313156269302038,#970D03,both,3.9824936818162793,Stayed Republican
13271,0.7517307692307683,GEORGIA,GA,TELFAIR,REPUBLICAN,4333.0,0.6519732287099007,REPUBLICAN,3796.0,0.6454162276080084,#970D03,both,0.6557001101892279,Stayed Republican
48295,0.7514777327935227,TEXAS,TX,LIPSCOMB,REPUBLICAN,1353.0,0.8906134515890614,REPUBLICAN,1332.0,0.8701201201201201,#970D03,both,2.049333146894128,Stayed Republican
47075,0.7513931297709927,TENNESSEE,TN,HAYWOOD,DEMOCRAT,7439.0,0.5393198010485281,DEMOCRAT,6834.0,0.5430201931518877,#030D97,both,-0.37003921033595955,Stayed Democrat
48489,0.7513688212927744,TEXAS,TX,WILLACY,DEMOCRAT,5549.0,0.5601009190845198,DEMOCRAT,5095.0,0.6716388616290481,#030D97,both,-11.153794254452832,Stayed Democrat
19151,0.7509090909090921,IOWA,IA,POCAHONTAS,REPUBLICAN,3823.0,0.7407794925451217,REPUBLICAN,3865.0,0.6990944372574386,#970D03,both,4.168505528768307,Stayed Republican
53023,0.7507875894988066,WASHINGTON,WA,GARFIELD,REPUBLICAN,1489.0,0.7179314976494291,REPUBLICAN,1246.0,0.6829855537720706,#970D03,both,3.49459438773585,Stayed Republican
48117,0.7499812030075177,TEXAS,TX,DEAF SMITH,REPUBLICAN,4610.0,0.7145336225596529,REPUBLICAN,4216.0,0.6904648956356736,#970D03,both,2.4068726923979322,Stayed Republican
45029,0.7494161958568708,SOUTH CAROLINA,SC,COLLETON,REPUBLICAN,19283.0,0.5414095317118706,REPUBLICAN,17251.0,0.5269839429598284,#970D03,both,1.442558875204214,Stayed Republican
19007,0.7483491461100558,IOWA,IA,APPANOOSE,REPUBLICAN,6516.0,0.6939840392879066,REPUBLICAN,6136.0,0.6572685788787483,#970D03,both,3.6715460409158296,Stayed Republican
20147,0.7479452054794521,KANSAS,KS,PHILLIPS,REPUBLICAN,2781.0,0.8694714131607335,REPUBLICAN,2664.0,0.8382132132132132,#970D03,both,3.1258199947520326,Stayed Republican
28127,0.7460526315789486,MISSISSIPPI,MS,SIMPSON,REPUBLICAN,11815.0,0.6462124418112569,REPUBLICAN,11419.0,0.6474297223925037,#970D03,both,-0.12172805812468157,Stayed Republican
47135,0.7452165725047059,TENNESSEE,TN,PERRY,REPUBLICAN,3428.0,0.80950991831972,REPUBLICAN,2855.0,0.7590192644483362,#970D03,both,5.0490653871383735,Stayed Republican
48405,0.7450287907869496,TEXAS,TX,SAN AUGUSTINE,REPUBLICAN,4002.0,0.7513743128435783,REPUBLICAN,3569.0,0.7346595685065844,#970D03,both,1.6714744336993825,Stayed Republican
5101,0.7449521988527702,ARKANSAS,AR,NEWTON,REPUBLICAN,3998.0,0.7983991995997999,REPUBLICAN,3753.0,0.7660538236077804,#970D03,both,3.2345375992019476,Stayed Republican
21129,0.7445043103448289,KENTUCKY,KY,LEE,REPUBLICAN,2659.0,0.811959383226777,REPUBLICAN,2667.0,0.8065241844769404,#970D03,both,0.5435198749836556,Stayed Republican
48093,0.7402879078694824,TEXAS,TX,COMANCHE,REPUBLICAN,6086.0,0.8506408149852119,REPUBLICAN,5237.0,0.8273820889822417,#970D03,both,2.3258726002970187,Stayed Republican
21095,0.7391752577319602,KENTUCKY,KY,HARLAN,REPUBLICAN,10971.0,0.8537963722541245,REPUBLICAN,10757.0,0.8486566886678442,#970D03,both,0.5139683586280364,Stayed Republican
13175,0.7391385767790283,GEORGIA,GA,LAURENS,REPUBLICAN,22729.0,0.6376435390910291,REPUBLICAN,19530.0,0.635483870967742,#970D03,both,0.21596681232871617,Stayed Republican
1055,0.7369318181818167,ALABAMA,AL,ETOWAH,REPUBLICAN,47728.0,0.7443848474689909,REPUBLICAN,44164.0,0.7325649850557014,#970D03,both,1.1819862413289473,Stayed Republican
17149,0.7364092664092674,ILLINOIS,IL,PIKE,REPUBLICAN,7949.0,0.7965781859353378,REPUBLICAN,7530.0,0.7641434262948207,#970D03,both,3.243475964051712,Stayed Republican
20153,0.7361170212765958,KANSAS,KS,RAWLINS,REPUBLICAN,1504.0,0.8384308510638298,REPUBLICAN,1472.0,0.8288043478260869,#970D03,both,0.9626503237742834,Stayed Republican
45061,0.7356074766355146,SOUTH CAROLINA,SC,LEE,DEMOCRAT,8431.0,0.6320721148143755,DEMOCRAT,8156.0,0.6374448258950466,#030D97,both,-0.5372711080671055,Stayed Democrat
16061,0.7352470588235303,IDAHO,ID,LEWIS,REPUBLICAN,1870.0,0.7962566844919786,REPUBLICAN,1590.0,0.7559748427672957,#970D03,both,4.028184172468297,Stayed Republican
22117,0.7350746268656738,LOUISIANA,LA,WASHINGTON,REPUBLICAN,19513.0,0.6819556193307026,REPUBLICAN,18628.0,0.6740390809534035,#970D03,both,0.7916538377299109,Stayed Republican
8021,0.7348659793814438,COLORADO,CO,CONEJOS,REPUBLICAN,4333.0,0.5275790445418879,REPUBLICAN,4022.0,0.47588264545002484,#970D03,both,5.169639909186302,Stayed Republican
48315,0.7340909090909077,TEXAS,TX,MARION,REPUBLICAN,4864.0,0.7134046052631579,REPUBLICAN,4238.0,0.7038697498820198,#970D03,both,0.9534855381138074,Stayed Republican
13321,0.7337711069418392,GEORGIA,GA,WORTH,REPUBLICAN,9285.0,0.7355950457727517,REPUBLICAN,8295.0,0.7416515973477998,#970D03,both,-0.6056551575048141,Stayed Republican
17095,0.7335114503816818,ILLINOIS,IL,KNOX,REPUBLICAN,23143.0,0.5189042042950353,REPUBLICAN,22243.0,0.4827136627253518,#970D03,both,3.6190541569683434,Stayed Republican
17061,0.7332226562500024,ILLINOIS,IL,GREENE,REPUBLICAN,6227.0,0.7660189497350249,REPUBLICAN,5585.0,0.7421665174574754,#970D03,both,2.385243227754952,Stayed Republican
48501,0.7331944444444425,TEXAS,TX,YOAKUM,REPUBLICAN,2631.0,0.8263017863930064,REPUBLICAN,2303.0,0.7802865827181936,#970D03,both,4.601520367481282,Stayed Republican
51135,0.7325568181818173,VIRGINIA,VA,NOTTOWAY,REPUBLICAN,7078.0,0.5689460299519639,REPUBLICAN,6744.0,0.5504151838671412,#970D03,both,1.8530846084822694,Stayed Republican
13309,0.7324380952380943,GEORGIA,GA,WHEELER,REPUBLICAN,2285.0,0.6927789934354486,REPUBLICAN,2102.0,0.6760228353948621,#970D03,both,1.67561580405865,Stayed Republican
5065,0.730988372093025,ARKANSAS,AR,IZARD,REPUBLICAN,5810.0,0.7970740103270224,REPUBLICAN,5448.0,0.7419236417033774,#970D03,both,5.515036862364497,Stayed Republican
17159,0.7308543689320387,ILLINOIS,IL,RICHLAND,REPUBLICAN,8063.0,0.7551779734590103,REPUBLICAN,7684.0,0.7468766267568975,#970D03,both,0.83013467021128,Stayed Republican
13291,0.7304798464491353,GEORGIA,GA,UNION,REPUBLICAN,15560.0,0.8130462724935733,REPUBLICAN,12063.0,0.8167122606316837,#970D03,both,-0.36659881381103654,Stayed Republican
48011,0.7301771653543303,TEXAS,TX,ARMSTRONG,REPUBLICAN,1112.0,0.9307553956834532,REPUBLICAN,1021.0,0.9049951028403526,#970D03,both,2.5760292843100663,Stayed Republican
17025,0.7291338582677157,ILLINOIS,IL,CLAY,REPUBLICAN,6886.0,0.8174557072320651,REPUBLICAN,6350.0,0.7907086614173229,#970D03,both,2.6747045814742187,Stayed Republican
5063,0.7290636704119826,ARKANSAS,AR,INDEPENDENCE,REPUBLICAN,14512.0,0.7752205071664829,REPUBLICAN,13614.0,0.7298369325694138,#970D03,both,4.53835745970691,Stayed Republican
17195,0.7289591078066884,ILLINOIS,IL,WHITESIDE,REPUBLICAN,27375.0,0.5306666666666666,REPUBLICAN,25582.0,0.4931201626143382,#970D03,both,3.75465040523284,Stayed Republican
20013,0.7282172131147547,KANSAS,KS,BROWN,REPUBLICAN,4471.0,0.7295906955938268,REPUBLICAN,4036.0,0.72001982160555,#970D03,both,0.9570873988276829,Stayed Republican
19137,0.7282129277566531,IOWA,IA,MONTGOMERY,REPUBLICAN,5327.0,0.6881922282710718,REPUBLICAN,5044.0,0.6812053925455988,#970D03,both,0.6986835725473095,Stayed Republican
51005,0.7281679389312963,VIRGINIA,VA,ALLEGHANY,REPUBLICAN,8203.0,0.7142508838229916,REPUBLICAN,7325.0,0.6653924914675768,#970D03,both,4.885839235541479,Stayed Republican
19185,0.7275152749490835,IOWA,IA,WAYNE,REPUBLICAN,3109.0,0.7539401736892891,REPUBLICAN,2940.0,0.7037414965986395,#970D03,both,5.019867709064963,Stayed Republican
48335,0.7270679611650491,TEXAS,TX,MITCHELL,REPUBLICAN,2579.0,0.8414113997673517,REPUBLICAN,2196.0,0.8105646630236795,#970D03,both,3.084673674367222,Stayed Republican
22127,0.7267234848484826,LOUISIANA,LA,WINN,REPUBLICAN,6225.0,0.7420080321285141,REPUBLICAN,6372.0,0.7231638418079096,#970D03,both,1.884419032060447,Stayed Republican
22049,0.72664772727273,LOUISIANA,LA,JACKSON,REPUBLICAN,7632.0,0.7067610062893082,REPUBLICAN,7464.0,0.692524115755627,#970D03,both,1.4236890533681157,Stayed Republican
1013,0.726420454545456,ALABAMA,AL,BUTLER,REPUBLICAN,9488.0,0.5752529510961214,REPUBLICAN,8732.0,0.5612688960146587,#970D03,both,1.398405508146272,Stayed Republican
13229,0.7256415094339638,GEORGIA,GA,PIERCE,REPUBLICAN,9048.0,0.8730106100795756,REPUBLICAN,7311.0,0.8619887840240733,#970D03,both,1.1021826055502282,Stayed Republican
48337,0.7245247148289001,TEXAS,TX,MONTAGUE,REPUBLICAN,9819.0,0.8773805886546492,REPUBLICAN,8604.0,0.8747094374709438,#970D03,both,0.26711511837054225,Stayed Republican
29117,0.7240917782026761,MISSOURI,MO,LIVINGSTON,REPUBLICAN,6758.0,0.7793725954424386,REPUBLICAN,6421.0,0.7598504905777916,#970D03,both,1.9522104864647005,Stayed Republican
28157,0.7235955056179806,MISSISSIPPI,MS,WILKINSON,DEMOCRAT,4127.0,0.6661012842258299,DEMOCRAT,4218.0,0.677335229966809,#030D97,both,-1.1233945740979023,Stayed Democrat
17125,0.7228764478764463,ILLINOIS,IL,MASON,REPUBLICAN,6766.0,0.6878510198049069,REPUBLICAN,6486.0,0.6256552574776442,#970D03,both,6.219576232726276,Stayed Republican
22077,0.7214611005692639,LOUISIANA,LA,POINTE COUPEE,REPUBLICAN,12371.0,0.6064990704065961,REPUBLICAN,11761.0,0.577246832752317,#970D03,both,2.925223765427909,Stayed Republican
19079,0.7208510638297891,IOWA,IA,HAMILTON,REPUBLICAN,7943.0,0.6272189349112426,REPUBLICAN,7694.0,0.5800623862750195,#970D03,both,4.7156548636223095,Stayed Republican
48341,0.7207456978967522,TEXAS,TX,MOORE,REPUBLICAN,5508.0,0.7913943355119826,REPUBLICAN,5284.0,0.7526495079485238,#970D03,both,3.874482756345876,Stayed Republican
45039,0.7202048417132184,SOUTH CAROLINA,SC,FAIRFIELD,DEMOCRAT,12136.0,0.6082729070533949,DEMOCRAT,11267.0,0.6164018816011361,#030D97,both,-0.8128974547741197,Stayed Democrat
1093,0.717481203007519,ALABAMA,AL,MARION,REPUBLICAN,13807.0,0.8839718983124502,REPUBLICAN,12984.0,0.8682994454713494,#970D03,both,1.5672452841100748,Stayed Republican
22101,0.7165601503759426,LOUISIANA,LA,ST. MARY,REPUBLICAN,23186.0,0.6387906495298887,REPUBLICAN,22877.0,0.6276609695327184,#970D03,both,1.1129679997170294,Stayed Republican
5005,0.7158935361216722,ARKANSAS,AR,BAXTER,REPUBLICAN,21007.0,0.7538439567763127,REPUBLICAN,19766.0,0.7427906506121623,#970D03,both,1.1053306164150345,Stayed Republican
17121,0.7157743785850847,ILLINOIS,IL,MARION,REPUBLICAN,17458.0,0.7262000229121319,REPUBLICAN,17074.0,0.6945648354222795,#970D03,both,3.163518748985239,Stayed Republican
51570,0.7155859374999987,VIRGINIA,VA,COLONIAL HEIGHTS CITY,REPUBLICAN,9160.0,0.6557860262008733,REPUBLICAN,8457.0,0.6717512120137165,#970D03,both,-1.596518581284312,Stayed Republican
45089,0.7155492424242467,SOUTH CAROLINA,SC,WILLIAMSBURG,DEMOCRAT,15985.0,0.6436659368157648,DEMOCRAT,15054.0,0.6611531818785705,#030D97,both,-1.7487245062805745,Stayed Democrat
13095,0.7153531598513025,GEORGIA,GA,DOUGHERTY,DEMOCRAT,35311.0,0.6960154059641471,DEMOCRAT,34087.0,0.6838677501686861,#030D97,both,1.2147655795461065,Stayed Democrat
17145,0.7150097847358131,ILLINOIS,IL,PERRY,REPUBLICAN,10053.0,0.7274445439172387,REPUBLICAN,9853.0,0.6957271896884197,#970D03,both,3.171735422881894,Stayed Republican
28161,0.7143074003795086,MISSISSIPPI,MS,YALOBUSHA,REPUBLICAN,6535.0,0.5617444529456771,REPUBLICAN,6077.0,0.5555372716801054,#970D03,both,0.6207181265571737,Stayed Republican
13263,0.7142638623326968,GEORGIA,GA,TALBOT,DEMOCRAT,3522.0,0.6002271436683703,DEMOCRAT,3246.0,0.6167590881084412,#030D97,both,-1.653194444007089,Stayed Democrat
21189,0.7139411764705891,KENTUCKY,KY,OWSLEY,REPUBLICAN,1895.0,0.8812664907651715,REPUBLICAN,1759.0,0.8379761227970438,#970D03,both,4.329036796812769,Stayed Republican
28021,0.7135114503816782,MISSISSIPPI,MS,CLAIBORNE,DEMOCRAT,4449.0,0.8478309732524163,DEMOCRAT,4272.0,0.8679775280898876,#030D97,both,-2.0146554837471298,Stayed Democrat
28147,0.7134831460674157,MISSISSIPPI,MS,WALTHALL,REPUBLICAN,7119.0,0.5927798848152831,REPUBLICAN,6919.0,0.5862118803295274,#970D03,both,0.6568004485755674,Stayed Republican
30059,0.7131499051233396,MONTANA,MT,MEAGHER,REPUBLICAN,1110.0,0.7504504504504504,REPUBLICAN,977.0,0.7461617195496417,#970D03,both,0.4288730900808724,Stayed Republican
22003,0.7126226415094358,LOUISIANA,LA,ALLEN,REPUBLICAN,9810.0,0.7720693170234455,REPUBLICAN,9245.0,0.7427798810167658,#970D03,both,2.928943600667966,Stayed Republican
48137,0.7119724770642197,TEXAS,TX,EDWARDS,REPUBLICAN,1066.0,0.8377110694183865,REPUBLICAN,1073.0,0.6952469711090401,#970D03,both,14.246409830934637,Stayed Republican
13261,0.7118198874296457,GEORGIA,GA,SUMTER,DEMOCRAT,12150.0,0.52,DEMOCRAT,10974.0,0.5030071077091307,#030D97,both,1.699289229086931,Stayed Democrat
28155,0.7107344632768364,MISSISSIPPI,MS,WEBSTER,REPUBLICAN,5395.0,0.7953660797034291,REPUBLICAN,5069.0,0.7843756164924048,#970D03,both,1.099046321102426,Stayed Republican
12067,0.710583657587547,FLORIDA,FL,LAFAYETTE,REPUBLICAN,3658.0,0.8551120831055221,REPUBLICAN,3392.0,0.828125,#970D03,both,2.6987083105522114,Stayed Republican
28069,0.7102471482889748,MISSISSIPPI,MS,KEMPER,DEMOCRAT,4731.0,0.6102303952652716,DEMOCRAT,4639.0,0.6093985772795861,#030D97,both,0.08318179856854346,Stayed Democrat
5135,0.7092307692307667,ARKANSAS,AR,SHARP,REPUBLICAN,7566.0,0.7848268569918054,REPUBLICAN,7249.0,0.7458959856531936,#970D03,both,3.893087133861184,Stayed Republican
48293,0.7091287878787909,TEXAS,TX,LIMESTONE,REPUBLICAN,9095.0,0.7464540956569544,REPUBLICAN,7739.0,0.7489339707972607,#970D03,both,-0.24798751403062314,Stayed Republican
45027,0.7086491557223265,SOUTH CAROLINA,SC,CLARENDON,REPUBLICAN,16733.0,0.4996713081933903,DEMOCRAT,15395.0,0.5022409873335498,#AB5A68,both,-0.2569679140159542,To Republican
35029,0.7084960937500014,NEW MEXICO,NM,LUNA,REPUBLICAN,8103.0,0.543996050845366,REPUBLICAN,7295.0,0.47676490747087047,#970D03,both,6.723114337449548,Stayed Republican
28091,0.7084150943396231,MISSISSIPPI,MS,MARION,REPUBLICAN,12177.0,0.6793955818346062,REPUBLICAN,11693.0,0.6701445309159326,#970D03,both,0.925105091867362,Stayed Republican
29075,0.7073643410852717,MISSOURI,MO,GENTRY,REPUBLICAN,3237.0,0.797343219029966,REPUBLICAN,3043.0,0.7571475517581334,#970D03,both,4.019566727183255,Stayed Republican
26001,0.7064497041420128,MICHIGAN,MI,ALCONA,REPUBLICAN,7064.0,0.6862967157417894,REPUBLICAN,6198.0,0.6777992900935785,#970D03,both,0.8497425648210877,Stayed Republican
12055,0.7063909774436093,FLORIDA,FL,HIGHLANDS,REPUBLICAN,52170.0,0.668449300364194,REPUBLICAN,45686.0,0.6471347896510966,#970D03,both,2.1314510713097423,Stayed Republican
22067,0.7059280303030285,LOUISIANA,LA,MOREHOUSE,REPUBLICAN,11574.0,0.5624675997926387,REPUBLICAN,11852.0,0.5485993925075937,#970D03,both,1.3868207285045009,Stayed Republican
19005,0.7059107806691449,IOWA,IA,ALLAMAKEE,REPUBLICAN,7422.0,0.6391808137968202,REPUBLICAN,6923.0,0.5912176801964466,#970D03,both,4.796313360037363,Stayed Republican
19133,0.7051043643263764,IOWA,IA,MONONA,REPUBLICAN,4728.0,0.689932318104907,REPUBLICAN,4572.0,0.6824146981627297,#970D03,both,0.7517619942177256,Stayed Republican
29161,0.7038759689922448,MISSOURI,MO,PHELPS,REPUBLICAN,19568.0,0.6888798037612428,REPUBLICAN,18553.0,0.6850105104295802,#970D03,both,0.38692933316626377,Stayed Republican
22001,0.7036534839924675,LOUISIANA,LA,ACADIA,REPUBLICAN,28425.0,0.794934036939314,REPUBLICAN,27389.0,0.7726459527547556,#970D03,both,2.228808418455841,Stayed Republican
51670,0.7035809523809511,VIRGINIA,VA,HOPEWELL CITY,DEMOCRAT,9628.0,0.5639800581636892,DEMOCRAT,9008.0,0.5244227353463587,#030D97,both,3.9557322817330487,Stayed Democrat
13035,0.7029190207156291,GEORGIA,GA,BUTTS,REPUBLICAN,11771.0,0.71412794155127,REPUBLICAN,9514.0,0.7060121925583351,#970D03,both,0.8115748992934879,Stayed Republican
22095,0.7025046382189231,LOUISIANA,LA,ST. JOHN THE BAPTIST,DEMOCRAT,21432.0,0.6337252706233669,DEMOCRAT,20743.0,0.6103745841970786,#030D97,both,2.3350686426288347,Stayed Democrat
42093,0.7017857142857135,PENNSYLVANIA,PA,MONTOUR,REPUBLICAN,9771.0,0.5980964077371814,REPUBLICAN,8556.0,0.6180458158017765,#970D03,both,-1.9949408064595109,Stayed Republican
12063,0.7016292134831471,FLORIDA,FL,JACKSON,REPUBLICAN,22419.0,0.6908425888755074,REPUBLICAN,21041.0,0.6775818639798489,#970D03,both,1.3260724895658549,Stayed Republican
13285,0.7015828677839853,GEORGIA,GA,TROUP,REPUBLICAN,30049.0,0.60378049186329,REPUBLICAN,26111.0,0.6031940561449197,#970D03,both,0.058643571837024844,Stayed Republican
1061,0.7011568627450973,ALABAMA,AL,GENEVA,REPUBLICAN,12545.0,0.8647269828616979,REPUBLICAN,11758.0,0.8499744854567103,#970D03,both,1.475249740498763,Stayed Republican
47131,0.7007442748091618,TENNESSEE,TN,OBION,REPUBLICAN,13521.0,0.7980178980844612,REPUBLICAN,12249.0,0.7776961384602825,#970D03,both,2.0321759624178704,Stayed Republican
22097,0.7001310861423239,LOUISIANA,LA,ST. LANDRY,REPUBLICAN,41154.0,0.5630315400690091,REPUBLICAN,39977.0,0.5495910148335292,#970D03,both,1.3440525235479894,Stayed Republican
13027,0.6999045801526724,GEORGIA,GA,BROOKS,REPUBLICAN,7100.0,0.6,REPUBLICAN,6336.0,0.5841224747474747,#970D03,both,1.5877525252525282,Stayed Republican
54009,0.6985436893203868,WEST VIRGINIA,WV,BROOKE,REPUBLICAN,10656.0,0.7080518018018018,REPUBLICAN,9613.0,0.6891709143867679,#970D03,both,1.888088741503391,Stayed Republican
47039,0.6981322957198447,TENNESSEE,TN,DECATUR,REPUBLICAN,5241.0,0.8069070788017554,REPUBLICAN,4592.0,0.7813588850174216,#970D03,both,2.5548193784333817,Stayed Republican
13181,0.6970168855534726,GEORGIA,GA,LINCOLN,REPUBLICAN,4650.0,0.6836559139784947,REPUBLICAN,4102.0,0.6725987323256948,#970D03,both,1.1057181652799897,Stayed Republican
5021,0.6969186046511625,ARKANSAS,AR,CLAY,REPUBLICAN,5183.0,0.78834651746093,REPUBLICAN,5200.0,0.7271153846153846,#970D03,both,6.123113284554538,Stayed Republican
13269,0.6968560606060594,GEORGIA,GA,TAYLOR,REPUBLICAN,3839.0,0.6298515238343319,REPUBLICAN,3408.0,0.6056338028169014,#970D03,both,2.421772101743047,Stayed Republican
22027,0.6948308270676704,LOUISIANA,LA,CLAIBORNE,REPUBLICAN,6580.0,0.5729483282674772,REPUBLICAN,6421.0,0.5583242485594144,#970D03,both,1.4624079708062787,Stayed Republican
28075,0.6941366223908907,MISSISSIPPI,MS,LAUDERDALE,REPUBLICAN,31247.0,0.5749991999231926,REPUBLICAN,29506.0,0.6012675388056666,#970D03,both,-2.626833888247404,Stayed Republican
45067,0.6936363636363654,SOUTH CAROLINA,SC,MARION,DEMOCRAT,14704.0,0.6033732317736671,DEMOCRAT,14276.0,0.6002381619501261,#030D97,both,0.3135069823540948,Stayed Democrat
5099,0.6933587786259549,ARKANSAS,AR,NEVADA,REPUBLICAN,3358.0,0.6351995235259082,REPUBLICAN,3246.0,0.6161429451632778,#970D03,both,1.9056578362630416,Stayed Republican
21107,0.6933396584440198,KENTUCKY,KY,HOPKINS,REPUBLICAN,21509.0,0.7325770607652611,REPUBLICAN,20345.0,0.7508970262963873,#970D03,both,-1.8319965531126248,Stayed Republican
20101,0.693212765957447,KANSAS,KS,LANE,REPUBLICAN,895.0,0.8513966480446927,REPUBLICAN,871.0,0.8243398392652124,#970D03,both,2.7056808779480357,Stayed Republican
21105,0.6930738522954085,KENTUCKY,KY,HICKMAN,REPUBLICAN,2199.0,0.7794452023647113,REPUBLICAN,2157.0,0.7681965693092258,#970D03,both,1.1248633055485513,Stayed Republican
55037,0.6929013539651832,WISCONSIN,WI,FLORENCE,REPUBLICAN,2940.0,0.7255102040816327,REPUBLICAN,2657.0,0.713963116296575,#970D03,both,1.1547087785057641,Stayed Republican
48193,0.6927961165048536,TEXAS,TX,HAMILTON,REPUBLICAN,4351.0,0.8310733164789703,REPUBLICAN,3620.0,0.8453038674033149,#970D03,both,-1.4230550924344554,Stayed Republican
19035,0.6925748502993999,IOWA,IA,CHEROKEE,REPUBLICAN,6518.0,0.6919300398895367,REPUBLICAN,6258.0,0.6698625759028444,#970D03,both,2.206746398669235,Stayed Republican
19149,0.6923314065510583,IOWA,IA,PLYMOUTH,REPUBLICAN,14188.0,0.7411192557090499,REPUBLICAN,13190.0,0.7338893100833965,#970D03,both,0.7229945625653378,Stayed Republican
37161,0.6920841300191191,NORTH CAROLINA,NC,RUTHERFORD,REPUBLICAN,34429.0,0.7229661041563797,REPUBLICAN,30307.0,0.7216484640512093,#970D03,both,0.13176401051704367,Stayed Republican
30027,0.6917607223476289,MONTANA,MT,FERGUS,REPUBLICAN,6507.0,0.7482710926694329,REPUBLICAN,5840.0,0.7309931506849315,#970D03,both,1.7277941984501388,Stayed Republican
48223,0.6915719696969692,TEXAS,TX,HOPKINS,REPUBLICAN,15941.0,0.7978796813248855,REPUBLICAN,13538.0,0.7908849165312454,#970D03,both,0.699476479364014,Stayed Republican
5095,0.6910769230769224,ARKANSAS,AR,MONROE,REPUBLICAN,2816.0,0.5486505681818182,REPUBLICAN,2884.0,0.5162968099861304,#970D03,both,3.2353758195687865,Stayed Republican
47153,0.6900383877159306,TENNESSEE,TN,SEQUATCHIE,REPUBLICAN,7252.0,0.8073634859349145,REPUBLICAN,5694.0,0.7799438004917457,#970D03,both,2.741968544316875,Stayed Republican
22047,0.6900374531835185,LOUISIANA,LA,IBERVILLE,DEMOCRAT,16719.0,0.5092409833123991,DEMOCRAT,16043.0,0.5188555756404662,#030D97,both,-0.9614592328067162,Stayed Democrat
5037,0.6899621928166373,ARKANSAS,AR,CROSS,REPUBLICAN,6942.0,0.7124747911264765,REPUBLICAN,6874.0,0.6668606342740763,#970D03,both,4.561415685240022,Stayed Republican
20027,0.6897528517110284,KANSAS,KS,CLAY,REPUBLICAN,4182.0,0.7596843615494978,REPUBLICAN,3820.0,0.756806282722513,#970D03,both,0.28780788269847646,Stayed Republican
